'晴朗', '晴朗', '晴朗', '高温', '高温', '晴朗', '沙暴', '晴朗', '晴朗', '高温', '沙暴', '高温', '晴朗', '晴朗', '高温', '晴朗', '高温', '晴朗', '高温', '晴朗', '晴朗', '高温', '晴朗', '沙暴', '高温', '晴朗', '高温', '高温', '晴朗', '晴朗'
'沙暴', '晴朗', '高温', '高温', '晴朗', '晴朗', '晴朗', '高温', '高温', '晴朗', '沙暴', '高温', '高温', '高温', '沙暴', '高温', '高温', '晴朗', '高温', '晴朗', '晴朗', '高温', '晴朗', '晴朗', '高温', '晴朗', '沙暴', '高温', '高温', '晴朗'
'高温', '高温', '晴朗', '晴朗', '高温', '高温', '高温', '高温', '高温', '高温', '晴朗', '晴朗', '高温', '高温', '晴朗', '高温', '高温', '高温', '沙暴', '晴朗', '高温', '晴朗', '高温', '高温', '晴朗', '晴朗', '沙暴', '晴朗', '高温', '晴朗'
'高温', '高温', '高温', '高温', '高温', '高温', '高温', '沙暴', '沙暴', '高温', '沙暴', '晴朗', '高温', '高温', '晴朗', '晴朗', '晴朗', '晴朗', '晴朗', '沙暴', '晴朗', '沙暴', '高温', '高温', '晴朗', '高温', '高温', '晴朗', '高温', '晴朗'
'晴朗', '晴朗', '高温', '高温', '高温', '沙暴', '晴朗', '高温', '晴朗', '高温', '高温', '沙暴', '高温', '高温', '高温', '晴朗', '晴朗', '晴朗', '高温', '晴朗', '高温', '晴朗', '高温', '高温', '晴朗', '晴朗', '晴朗', '高温', '晴朗', '晴朗'
'高温', '晴朗', '高温', '晴朗', '高温', '高温', '高温', '高温', '高温', '晴朗', '高温', '晴朗', '晴朗', '高温', '晴朗', '晴朗', '晴朗', '晴朗', '高温', '晴朗', '高温', '晴朗', '晴朗', '高温', '高温', '沙暴', '高温', '高温', '高温', '晴朗'
'晴朗', '沙暴', '晴朗', '高温', '高温', '高温', '高温', '沙暴', '高温', '晴朗', '晴朗', '晴朗', '高温', '高温', '晴朗', '晴朗', '高温', '晴朗', '晴朗', '高温', '晴朗', '晴朗', '沙暴', '高温', '高温', '高温', '沙暴', '晴朗', '晴朗', '晴朗'
'高温', '晴朗', '高温', '高温', '晴朗', '高温', '晴朗', '高温', '高温', '晴朗', '高温', '晴朗', '高温', '沙暴', '高温', '晴朗', '晴朗', '高温', '高温', '沙暴', '高温', '沙暴', '沙暴', '沙暴', '晴朗', '晴朗', '晴朗', '晴朗', '高温', '高温'
'沙暴', '高温', '晴朗', '高温', '晴朗', '晴朗', '晴朗', '晴朗', '晴朗', '晴朗', '晴朗', '晴朗', '晴朗', '高温', '高温', '晴朗', '高温', '晴朗', '高温', '晴朗', '晴朗', '晴朗', '高温', '沙暴', '晴朗', '晴朗', '晴朗', '高温', '高温', '晴朗'
'高温', '晴朗', '晴朗', '晴朗', '晴朗', '晴朗', '晴朗', '沙暴', '晴朗', '晴朗', '高温', '高温', '晴朗', '晴朗', '高温', '高温', '高温', '晴朗', '晴朗', '高温', '晴朗', '晴朗', '高温', '高温', '晴朗', '高温', '沙暴', '晴朗', '晴朗', '晴朗'
'晴朗', '高温', '晴朗', '晴朗', '晴朗', '高温', '晴朗', '高温', '晴朗', '晴朗', '晴朗', '晴朗', '高温', '高温', '高温', '晴朗', '高温', '晴朗', '晴朗', '高温', '晴朗', '高温', '晴朗', '高温', '高温', '晴朗', '高温', '高温', '高温', '晴朗'
'晴朗', '高温', '晴朗', '高温', '晴朗', '高温', '晴朗', '晴朗', '高温', '晴朗', '晴朗', '高温', '晴朗', '高温', '晴朗', '高温', '高温', '沙暴', '沙暴', '高温', '晴朗', '晴朗', '高温', '晴朗', '高温', '晴朗', '高温', '晴朗', '高温', '晴朗'
'晴朗', '高温', '晴朗', '沙暴', '高温', '晴朗', '高温', '晴朗', '晴朗', '高温', '晴朗', '晴朗', '高温', '高温', '高温', '沙暴', '高温', '晴朗', '高温', '晴朗', '晴朗', '高温', '晴朗', '晴朗', '高温', '沙暴', '高温', '高温', '高温', '沙暴'
'晴朗', '高温', '沙暴', '晴朗', '晴朗', '晴朗', '晴朗', '高温', '高温', '晴朗', '晴朗', '高温', '晴朗', '高温', '晴朗', '高温', '晴朗', '沙暴', '沙暴', '沙暴', '沙暴', '晴朗', '晴朗', '晴朗', '高温', '沙暴', '高温', '晴朗', '高温', '高温'
'晴朗', '晴朗', '晴朗', '晴朗', '晴朗', '高温', '晴朗', '高温', '晴朗', '晴朗', '晴朗', '高温', '高温', '高温', '晴朗', '高温', '高温', '晴朗', '晴朗', '晴朗', '高温', '晴朗', '晴朗', '沙暴', '高温', '沙暴', '晴朗', '晴朗', '晴朗', '晴朗'
'高温', '晴朗', '高温', '晴朗', '晴朗', '高温', '晴朗', '晴朗', '晴朗', '晴朗', '晴朗', '高温', '高温', '晴朗', '沙暴', '晴朗', '晴朗', '晴朗', '晴朗', '晴朗', '高温', '晴朗', '晴朗', '晴朗', '晴朗', '高温', '晴朗', '高温', '晴朗', '高温'
'高温', '沙暴', '晴朗', '晴朗', '高温', '高温', '沙暴', '晴朗', '沙暴', '晴朗', '沙暴', '高温', '高温', '晴朗', '高温', '晴朗', '晴朗', '高温', '高温', '晴朗', '高温', '晴朗', '沙暴', '高温', '晴朗', '高温', '晴朗', '晴朗', '高温', '晴朗'
'晴朗', '晴朗', '晴朗', '高温', '高温', '高温', '高温', '晴朗', '高温', '晴朗', '高温', '高温', '高温', '晴朗', '晴朗', '晴朗', '晴朗', '沙暴', '高温', '高温', '高温', '高温', '晴朗', '晴朗', '晴朗', '晴朗', '晴朗', '晴朗', '高温', '高温'
'沙暴', '高温', '晴朗', '高温', '晴朗', '晴朗', '高温', '晴朗', '高温', '高温', '晴朗', '晴朗', '高温', '高温', '高温', '沙暴', '高温', '高温', '高温', '沙暴', '高温', '高温', '晴朗', '高温', '晴朗', '晴朗', '晴朗', '沙暴', '沙暴', '高温'
'晴朗', '沙暴', '高温', '高温', '高温', '晴朗', '晴朗', '晴朗', '高温', '晴朗', '高温', '高温', '高温', '高温', '晴朗', '高温', '高温', '晴朗', '高温', '高温', '晴朗', '高温', '高温', '高温', '晴朗', '晴朗', '高温', '高温', '沙暴', '高温'
'晴朗', '晴朗', '沙暴', '高温', '高温', '晴朗', '晴朗', '晴朗', '沙暴', '晴朗', '高温', '晴朗', '高温', '晴朗', '晴朗', '晴朗', '晴朗', '晴朗', '晴朗', '高温', '高温', '高温', '晴朗', '高温', '晴朗', '沙暴', '晴朗', '高温', '晴朗', '晴朗'
'高温', '高温', '高温', '晴朗', '晴朗', '沙暴', '高温', '晴朗', '晴朗', '高温', '晴朗', '沙暴', '高温', '晴朗', '高温', '高温', '晴朗', '高温', '高温', '高温', '晴朗', '晴朗', '高温', '高温', '晴朗', '晴朗', '沙暴', '晴朗', '高温', '高温'
'晴朗', '高温', '晴朗', '晴朗', '高温', '高温', '高温', '高温', '高温', '晴朗', '沙暴', '高温', '高温', '晴朗', '高温', '晴朗', '晴朗', '晴朗', '晴朗', '高温', '高温', '高温', '晴朗', '高温', '高温', '高温', '高温', '晴朗', '晴朗', '晴朗'
'沙暴', '晴朗', '高温', '高温', '晴朗', '沙暴', '沙暴', '高温', '高温', '沙暴', '高温', '高温', '沙暴', '晴朗', '高温', '高温', '晴朗', '晴朗', '晴朗', '晴朗', '晴朗', '晴朗', '晴朗', '沙暴', '高温', '高温', '高温', '高温', '沙暴', '晴朗'
'晴朗', '晴朗', '高温', '晴朗', '晴朗', '高温', '高温', '晴朗', '晴朗', '晴朗', '沙暴', '高温', '高温', '高温', '晴朗', '晴朗', '晴朗', '晴朗', '高温', '高温', '高温', '高温', '晴朗', '晴朗', '晴朗', '晴朗', '高温', '晴朗', '晴朗', '沙暴'
'晴朗', '高温', '高温', '沙暴', '晴朗', '晴朗', '晴朗', '晴朗', '沙暴', '沙暴', '晴朗', '高温', '高温', '高温', '晴朗', '高温', '晴朗', '晴朗', '高温', '高温', '高温', '晴朗', '晴朗', '高温', '沙暴', '高温', '沙暴', '晴朗', '高温', '晴朗'
'高温', '高温', '高温', '晴朗', '沙暴', '高温', '高温', '高温', '高温', '高温', '高温', '高温', '高温', '高温', '晴朗', '晴朗', '晴朗', '高温', '高温', '高温', '高温', '高温', '晴朗', '晴朗', '高温', '沙暴', '晴朗', '高温', '高温', '沙暴'
'晴朗', '晴朗', '沙暴', '晴朗', '高温', '高温', '高温', '晴朗', '晴朗', '高温', '高温', '晴朗', '晴朗', '高温', '高温', '晴朗', '晴朗', '高温', '晴朗', '沙暴', '晴朗', '高温', '晴朗', '高温', '高温', '晴朗', '高温', '晴朗', '高温', '晴朗'
'高温', '晴朗', '高温', '高温', '晴朗', '晴朗', '高温', '晴朗', '高温', '高温', '高温', '晴朗', '晴朗', '高温', '高温', '晴朗', '晴朗', '沙暴', '高温', '高温', '高温', '晴朗', '高温', '晴朗', '沙暴', '高温', '晴朗', '沙暴', '晴朗', '晴朗'
'晴朗', '晴朗', '高温', '高温', '高温', '高温', '高温', '沙暴', '晴朗', '晴朗', '晴朗', '高温', '晴朗', '晴朗', '高温', '高温', '高温', '高温', '晴朗', '沙暴', '晴朗', '晴朗', '高温', '高温', '晴朗', '高温', '晴朗', '晴朗', '沙暴', '沙暴'
'高温', '高温', '晴朗', '晴朗', '高温', '晴朗', '晴朗', '高温', '晴朗', '晴朗', '高温', '高温', '晴朗', '高温', '晴朗', '沙暴', '晴朗', '晴朗', '晴朗', '晴朗', '高温', '高温', '沙暴', '晴朗', '高温', '晴朗', '高温', '高温', '晴朗', '沙暴'
'晴朗', '高温', '高温', '晴朗', '高温', '高温', '高温', '晴朗', '沙暴', '高温', '高温', '晴朗', '高温', '高温', '高温', '晴朗', '高温', '高温', '高温', '晴朗', '沙暴', '高温', '晴朗', '高温', '晴朗', '沙暴', '晴朗', '晴朗', '晴朗', '高温'
'晴朗', '晴朗', '高温', '高温', '晴朗', '高温', '晴朗', '晴朗', '高温', '晴朗', '晴朗', '晴朗', '高温', '晴朗', '晴朗', '晴朗', '晴朗', '高温', '高温', '高温', '晴朗', '高温', '高温', '高温', '沙暴', '高温', '晴朗', '高温', '高温', '高温'
'高温', '晴朗', '晴朗', '高温', '沙暴', '晴朗', '高温', '高温', '晴朗', '晴朗', '高温', '高温', '晴朗', '高温', '高温', '高温', '晴朗', '高温', '高温', '晴朗', '沙暴', '高温', '沙暴', '高温', '晴朗', '高温', '高温', '晴朗', '高温', '沙暴'
'晴朗', '高温', '沙暴', '高温', '高温', '晴朗', '高温', '晴朗', '高温', '晴朗', '高温', '高温', '晴朗', '晴朗', '高温', '沙暴', '晴朗', '高温', '高温', '高温', '晴朗', '晴朗', '晴朗', '高温', '晴朗', '高温', '晴朗', '晴朗', '晴朗', '晴朗'
'高温', '晴朗', '晴朗', '高温', '晴朗', '高温', '晴朗', '晴朗', '高温', '沙暴', '晴朗', '高温', '晴朗', '高温', '高温', '高温', '高温', '晴朗', '晴朗', '高温', '高温', '晴朗', '晴朗', '高温', '晴朗', '高温', '高温', '晴朗', '高温', '高温'
'高温', '晴朗', '高温', '晴朗', '晴朗', '沙暴', '晴朗', '晴朗', '高温', '晴朗', '高温', '沙暴', '晴朗', '高温', '晴朗', '高温', '晴朗', '晴朗', '高温', '晴朗', '晴朗', '晴朗', '晴朗', '晴朗', '晴朗', '高温', '晴朗', '晴朗', '晴朗', '高温'
'晴朗', '高温', '高温', '沙暴', '晴朗', '晴朗', '晴朗', '高温', '高温', '晴朗', '高温', '晴朗', '晴朗', '晴朗', '晴朗', '高温', '高温', '晴朗', '晴朗', '晴朗', '高温', '高温', '晴朗', '高温', '晴朗', '晴朗', '高温', '沙暴', '高温', '晴朗'
'高温', '高温', '晴朗', '高温', '高温', '高温', '沙暴', '高温', '晴朗', '高温', '晴朗', '晴朗', '晴朗', '晴朗', '沙暴', '高温', '高温', '高温', '高温', '晴朗', '高温', '高温', '高温', '高温', '高温', '高温', '晴朗', '高温', '高温', '高温'
'晴朗', '高温', '晴朗', '高温', '晴朗', '晴朗', '高温', '高温', '沙暴', '高温', '高温', '沙暴', '晴朗', '沙暴', '沙暴', '晴朗', '晴朗', '高温', '晴朗', '晴朗', '高温', '沙暴', '高温', '晴朗', '高温', '晴朗', '高温', '高温', '晴朗', '晴朗'
'晴朗', '高温', '高温', '晴朗', '高温', '高温', '晴朗', '高温', '晴朗', '晴朗', '晴朗', '晴朗', '晴朗', '高温', '沙暴', '高温', '高温', '晴朗', '晴朗', '晴朗', '晴朗', '晴朗', '晴朗', '沙暴', '高温', '晴朗', '高温', '晴朗', '高温', '晴朗'
'沙暴', '晴朗', '高温', '晴朗', '高温', '沙暴', '高温', '高温', '高温', '晴朗', '高温', '晴朗', '高温', '晴朗', '高温', '晴朗', '高温', '晴朗', '晴朗', '晴朗', '沙暴', '高温', '高温', '晴朗', '高温', '晴朗', '高温', '晴朗', '高温', '晴朗'
'晴朗', '晴朗', '高温', '高温', '高温', '晴朗', '沙暴', '晴朗', '高温', '高温', '晴朗', '高温', '晴朗', '高温', '晴朗', '沙暴', '高温', '高温', '晴朗', '高温', '晴朗', '晴朗', '高温', '高温', '晴朗', '晴朗', '高温', '高温', '高温', '晴朗'
'沙暴', '晴朗', '高温', '晴朗', '晴朗', '晴朗', '晴朗', '晴朗', '晴朗', '高温', '高温', '晴朗', '晴朗', '晴朗', '高温', '高温', '晴朗', '晴朗', '高温', '高温', '沙暴', '晴朗', '沙暴', '高温', '晴朗', '高温', '高温', '晴朗', '高温', '高温'
'沙暴', '沙暴', '晴朗', '晴朗', '晴朗', '高温', '高温', '晴朗', '晴朗', '高温', '高温', '沙暴', '晴朗', '高温', '高温', '高温', '高温', '晴朗', '高温', '晴朗', '晴朗', '晴朗', '晴朗', '高温', '高温', '高温', '高温', '高温', '高温', '晴朗'
'晴朗', '晴朗', '沙暴', '高温', '高温', '高温', '晴朗', '晴朗', '晴朗', '晴朗', '晴朗', '晴朗', '高温', '晴朗', '晴朗', '高温', '晴朗', '晴朗', '晴朗', '沙暴', '晴朗', '晴朗', '沙暴', '高温', '高温', '沙暴', '晴朗', '沙暴', '晴朗', '高温'
'晴朗', '高温', '高温', '高温', '晴朗', '高温', '高温', '晴朗', '高温', '晴朗', '高温', '沙暴', '晴朗', '高温', '高温', '高温', '高温', '高温', '高温', '高温', '高温', '晴朗', '晴朗', '晴朗', '高温', '晴朗', '高温', '高温', '晴朗', '晴朗'
'晴朗', '晴朗', '晴朗', '高温', '高温', '高温', '晴朗', '晴朗', '沙暴', '高温', '高温', '沙暴', '高温', '高温', '晴朗', '高温', '晴朗', '高温', '沙暴', '晴朗', '沙暴', '高温', '晴朗', '晴朗', '高温', '晴朗', '晴朗', '高温', '高温', '高温'
'晴朗', '晴朗', '高温', '晴朗', '沙暴', '高温', '晴朗', '晴朗', '晴朗', '高温', '高温', '高温', '沙暴', '高温', '晴朗', '晴朗', '晴朗', '高温', '高温', '高温', '高温', '晴朗', '高温', '高温', '晴朗', '高温', '高温', '晴朗', '晴朗', '高温'
'高温', '高温', '高温', '沙暴', '晴朗', '沙暴', '高温', '高温', '高温', '高温', '高温', '沙暴', '晴朗', '高温', '高温', '晴朗', '晴朗', '沙暴', '晴朗', '高温', '晴朗', '高温', '高温', '高温', '高温', '高温', '高温', '高温', '沙暴', '高温'
'晴朗', '晴朗', '高温', '晴朗', '沙暴', '高温', '沙暴', '晴朗', '晴朗', '晴朗', '高温', '高温', '晴朗', '高温', '晴朗', '晴朗', '高温', '高温', '晴朗', '高温', '晴朗', '沙暴', '高温', '晴朗', '高温', '晴朗', '晴朗', '晴朗', '高温', '晴朗'
'高温', '高温', '高温', '晴朗', '晴朗', '高温', '晴朗', '高温', '晴朗', '高温', '高温', '晴朗', '晴朗', '沙暴', '高温', '晴朗', '晴朗', '晴朗', '高温', '晴朗', '晴朗', '高温', '高温', '高温', '晴朗', '晴朗', '晴朗', '沙暴', '高温', '高温'
'高温', '高温', '高温', '高温', '晴朗', '沙暴', '沙暴', '高温', '高温', '晴朗', '晴朗', '晴朗', '高温', '高温', '晴朗', '高温', '晴朗', '晴朗', '晴朗', '沙暴', '沙暴', '晴朗', '高温', '晴朗', '高温', '高温', '沙暴', '沙暴', '晴朗', '高温'
'高温', '晴朗', '高温', '晴朗', '晴朗', '高温', '高温', '高温', '沙暴', '晴朗', '晴朗', '高温', '晴朗', '沙暴', '晴朗', '晴朗', '高温', '晴朗', '晴朗', '沙暴', '高温', '高温', '高温', '高温', '高温', '高温', '晴朗', '高温', '高温', '晴朗'
'高温', '晴朗', '高温', '高温', '高温', '晴朗', '晴朗', '高温', '高温', '晴朗', '晴朗', '高温', '晴朗', '晴朗', '高温', '高温', '高温', '晴朗', '沙暴', '高温', '晴朗', '沙暴', '沙暴', '高温', '高温', '晴朗', '晴朗', '晴朗', '高温', '沙暴'
'高温', '晴朗', '晴朗', '晴朗', '晴朗', '晴朗', '晴朗', '晴朗', '高温', '晴朗', '晴朗', '沙暴', '高温', '晴朗', '高温', '晴朗', '沙暴', '沙暴', '晴朗', '高温', '晴朗', '高温', '晴朗', '沙暴', '高温', '高温', '高温', '高温', '沙暴', '高温'
'高温', '晴朗', '晴朗', '高温', '高温', '高温', '高温', '晴朗', '高温', '高温', '高温', '晴朗', '高温', '高温', '晴朗', '高温', '高温', '高温', '高温', '高温', '高温', '晴朗', '晴朗', '晴朗', '高温', '高温', '高温', '晴朗', '沙暴', '高温'
'高温', '高温', '晴朗', '晴朗', '高温', '晴朗', '沙暴', '晴朗', '高温', '高温', '高温', '高温', '高温', '高温', '高温', '高温', '高温', '晴朗', '晴朗', '高温', '高温', '晴朗', '晴朗', '高温', '晴朗', '晴朗', '高温', '晴朗', '晴朗', '晴朗'
'高温', '高温', '晴朗', '高温', '高温', '高温', '晴朗', '晴朗', '高温', '高温', '晴朗', '晴朗', '晴朗', '高温', '晴朗', '晴朗', '高温', '晴朗', '高温', '晴朗', '高温', '高温', '晴朗', '晴朗', '晴朗', '晴朗', '高温', '高温', '沙暴', '晴朗'
'高温', '晴朗', '晴朗', '晴朗', '晴朗', '高温', '高温', '晴朗', '高温', '高温', '高温', '高温', '沙暴', '高温', '高温', '晴朗', '晴朗', '晴朗', '晴朗', '沙暴', '高温', '高温', '高温', '高温', '晴朗', '晴朗', '高温', '高温', '晴朗', '晴朗'
'晴朗', '高温', '晴朗', '晴朗', '晴朗', '晴朗', '沙暴', '沙暴', '晴朗', '晴朗', '晴朗', '高温', '晴朗', '沙暴', '高温', '晴朗', '高温', '沙暴', '沙暴', '高温', '沙暴', '高温', '高温', '高温', '晴朗', '高温', '晴朗', '晴朗', '晴朗', '晴朗'
'高温', '晴朗', '高温', '晴朗', '高温', '晴朗', '高温', '晴朗', '晴朗', '沙暴', '高温', '晴朗', '晴朗', '晴朗', '晴朗', '高温', '晴朗', '高温', '晴朗', '晴朗', '晴朗', '高温', '高温', '高温', '高温', '沙暴', '晴朗', '晴朗', '晴朗', '高温'
'高温', '高温', '晴朗', '高温', '晴朗', '晴朗', '晴朗', '高温', '晴朗', '高温', '晴朗', '晴朗', '沙暴', '高温', '晴朗', '高温', '晴朗', '沙暴', '晴朗', '高温', '高温', '晴朗', '高温', '高温', '沙暴', '晴朗', '沙暴', '高温', '晴朗', '晴朗'
'晴朗', '高温', '沙暴', '晴朗', '高温', '沙暴', '高温', '沙暴', '高温', '高温', '晴朗', '高温', '晴朗', '高温', '高温', '沙暴', '晴朗', '高温', '高温', '高温', '晴朗', '高温', '晴朗', '高温', '晴朗', '晴朗', '晴朗', '晴朗', '高温', '高温'
'高温', '高温', '晴朗', '高温', '晴朗', '高温', '沙暴', '高温', '高温', '沙暴', '晴朗', '高温', '晴朗', '晴朗', '晴朗', '高温', '高温', '晴朗', '晴朗', '晴朗', '高温', '沙暴', '晴朗', '晴朗', '高温', '高温', '高温', '高温', '晴朗', '晴朗'
'高温', '高温', '晴朗', '高温', '晴朗', '沙暴', '沙暴', '沙暴', '晴朗', '晴朗', '晴朗', '晴朗', '沙暴', '高温', '高温', '晴朗', '高温', '高温', '晴朗', '高温', '高温', '高温', '晴朗', '高温', '高温', '晴朗', '晴朗', '高温', '高温', '高温'
'沙暴', '高温', '晴朗', '高温', '高温', '高温', '晴朗', '晴朗', '高温', '晴朗', '高温', '晴朗', '晴朗', '晴朗', '晴朗', '高温', '高温', '高温', '晴朗', '高温', '高温', '高温', '高温', '晴朗', '高温', '晴朗', '晴朗', '高温', '高温', '晴朗'
'高温', '高温', '晴朗', '高温', '高温', '晴朗', '晴朗', '晴朗', '高温', '沙暴', '沙暴', '晴朗', '高温', '晴朗', '高温', '高温', '高温', '高温', '高温', '晴朗', '高温', '高温', '高温', '高温', '晴朗', '高温', '晴朗', '高温', '高温', '高温'
'沙暴', '沙暴', '高温', '晴朗', '高温', '高温', '晴朗', '沙暴', '晴朗', '晴朗', '晴朗', '高温', '高温', '晴朗', '高温', '晴朗', '晴朗', '高温', '高温', '晴朗', '晴朗', '晴朗', '晴朗', '晴朗', '高温', '高温', '高温', '高温', '晴朗', '晴朗'
'高温', '晴朗', '高温', '晴朗', '晴朗', '高温', '高温', '高温', '高温', '高温', '沙暴', '高温', '沙暴', '晴朗', '高温', '高温', '高温', '高温', '晴朗', '晴朗', '晴朗', '沙暴', '高温', '高温', '高温', '高温', '晴朗', '晴朗', '晴朗', '高温'
'晴朗', '高温', '晴朗', '晴朗', '高温', '高温', '晴朗', '高温', '晴朗', '晴朗', '高温', '高温', '高温', '高温', '沙暴', '高温', '高温', '高温', '高温', '晴朗', '晴朗', '沙暴', '高温', '晴朗', '高温', '晴朗', '晴朗', '高温', '高温', '晴朗'
'高温', '沙暴', '晴朗', '晴朗', '晴朗', '晴朗', '高温', '高温', '晴朗', '晴朗', '高温', '晴朗', '高温', '高温', '高温', '高温', '高温', '晴朗', '晴朗', '晴朗', '晴朗', '高温', '晴朗', '高温', '晴朗', '晴朗', '晴朗', '高温', '沙暴', '晴朗'
'晴朗', '高温', '沙暴', '晴朗', '晴朗', '高温', '高温', '晴朗', '高温', '晴朗', '晴朗', '高温', '晴朗', '高温', '高温', '沙暴', '高温', '沙暴', '高温', '沙暴', '晴朗', '晴朗', '沙暴', '晴朗', '晴朗', '晴朗', '高温', '晴朗', '高温', '沙暴'
'晴朗', '高温', '高温', '晴朗', '高温', '晴朗', '晴朗', '高温', '高温', '晴朗', '高温', '高温', '高温', '沙暴', '沙暴', '高温', '晴朗', '沙暴', '沙暴', '高温', '高温', '高温', '高温', '晴朗', '晴朗', '晴朗', '沙暴', '晴朗', '晴朗', '晴朗'
'晴朗', '晴朗', '高温', '高温', '晴朗', '高温', '高温', '高温', '高温', '高温', '晴朗', '晴朗', '高温', '晴朗', '高温', '高温', '高温', '沙暴', '晴朗', '晴朗', '高温', '晴朗', '晴朗', '高温', '高温', '高温', '高温', '高温', '晴朗', '高温'
'沙暴', '高温', '晴朗', '高温', '晴朗', '晴朗', '晴朗', '高温', '高温', '高温', '晴朗', '晴朗', '高温', '高温', '高温', '晴朗', '高温', '高温', '晴朗', '晴朗', '高温', '高温', '沙暴', '高温', '晴朗', '高温', '晴朗', '晴朗', '晴朗', '晴朗'
'高温', '晴朗', '晴朗', '高温', '晴朗', '晴朗', '晴朗', '沙暴', '高温', '高温', '高温', '高温', '晴朗', '高温', '晴朗', '晴朗', '高温', '高温', '晴朗', '高温', '晴朗', '晴朗', '晴朗', '晴朗', '沙暴', '晴朗', '高温', '高温', '晴朗', '高温'
'沙暴', '高温', '高温', '高温', '高温', '高温', '晴朗', '高温', '高温', '高温', '沙暴', '晴朗', '高温', '高温', '晴朗', '高温', '晴朗', '高温', '晴朗', '晴朗', '高温', '高温', '高温', '高温', '晴朗', '高温', '高温', '晴朗', '高温', '高温'
'高温', '高温', '高温', '晴朗', '晴朗', '晴朗', '晴朗', '高温', '晴朗', '晴朗', '高温', '晴朗', '晴朗', '高温', '高温', '高温', '晴朗', '高温', '晴朗', '高温', '晴朗', '高温', '沙暴', '沙暴', '高温', '晴朗', '晴朗', '高温', '晴朗', '高温'
